Strike,Symbol,Last,Chg,Bid,Ask,Vol,Open Int
7.00,SPWR130518P00007000,0.15,0.00,0.10,0.14,4,39
8.00,SPWR130518P00008000,0.27,0.03,0.27,0.30,58,212
9.00,SPWR130518P00009000,0.60,0.00,0.55,0.59,29,229
10.00,SPWR130518P00010000,0.99,0.06,0.98,1.03,27,374
11.00,SPWR130518P00011000,1.65,0.00,1.58,1.63,2,179
12.00,SPWR130518P00012000,2.17,0.13,2.30,2.37,1,380
13.00,SPWR130518P00013000,3.25,0.00,3.10,3.20,10,52
14.00,SPWR130518P00014000,2.35,0.00,3.80,4.10,2,2
18.00,SPWR130518P00018000,7.76,0.00,7.80,7.95,76,76
